age group,inhabitants,total reported cases,new reported cases,total reported deaths,new reported deaths,"total reported cases per 100,000 inhabitants","new reported cases per 100,000 inhabitants","total reported deaths per 1,000,000 inhabitants","new reported deaths per 1,000,000 inhabitants"
A00-A04,3961376,43101,152,4,0,1088.03102760253,3.8370505602093816,1.0097501474235215,0.0
A05-A14,7429883,132876,339,5,0,1788.3996289039815,4.562655966453307,0.6729581071465055,0.0
A15-A34,19117865,690418,1219,81,0,3611.3760610821346,6.376235003228655,4.236874776550624,0.0
A35-A59,28919134,907869,1616,2170,1,3139.336745007648,5.587995823111439,75.0368250999494,0.0345791820737094
A60-A79,18057318,369083,716,18161,22,2043.9524850811179,3.965151413958596,1005.7418272193025,1.2183426132275015
A80+,5681135,244220,317,47462,39,4298.788886375698,5.579870923679864,8354.316523018728,6.864825426609296
unknown,0,3361,10,20,0,inf,inf,inf,
