age group,inhabitants,total reported cases,new reported cases,total reported deaths,new reported deaths,"total reported cases per 100,000 inhabitants","new reported cases per 100,000 inhabitants","total reported deaths per 1,000,000 inhabitants","new reported deaths per 1,000,000 inhabitants"
A00-A04,3961376,96851,23,11,0,2444.882788202887,0.580606334768525,2.776812905414684,0.0
A05-A14,7429883,275398,66,6,0,3706.626335838667,0.8883047014333872,0.8075497285758066,0.0
A15-A34,19117865,1099170,258,185,0,5749.439071779198,1.349523076975384,9.676812761257596,0.0
A35-A59,28919134,1423357,158,3922,1,4921.852085888879,0.5463510767646086,135.6195520930883,0.0345791820737094
A60-A79,18057318,544738,43,27155,3,3016.7159929287395,0.2381306016762843,1503.822439190582,0.1661376290764774
A80+,5681135,288512,11,59742,3,5078.421829440772,0.1936232812633391,10515.85642657673,0.5280634943545612
unknown,0,2886,0,9,0,inf,,inf,
