age group,inhabitants,total reported cases,new reported cases,total reported deaths,new reported deaths,"total reported cases per 100,000 inhabitants","new reported cases per 100,000 inhabitants","total reported deaths per 1,000,000 inhabitants","new reported deaths per 1,000,000 inhabitants"
A00-A04,3961376,87994,245,8,0,2221.2988618096338,6.184719652969069,2.019500294847043,0.0
A05-A14,7429883,247862,667,7,0,3336.014847070943,8.977261149334383,0.9421413500051076,0.0
A15-A34,19117865,1035642,1904,149,2,5417.142552267212,9.959271079694306,7.793757305012877,0.1046141920135956
A35-A59,28919134,1351731,2273,3298,33,4674.175236367728,7.859848085354147,114.0421424790936,1.14111300843241
A60-A79,18057318,522932,788,24509,114,2895.956088274017,4.363881723742142,1357.2890503451288,6.313229904906144
A80+,5681135,283775,236,57126,134,4995.040603682187,4.154099488922548,10055.385059499557,23.5868360811704
unknown,0,3440,12,15,0,inf,inf,inf,
