age group,inhabitants,total reported cases,new reported cases,total reported deaths,new reported deaths,"total reported cases per 100,000 inhabitants","new reported cases per 100,000 inhabitants","total reported deaths per 1,000,000 inhabitants","new reported deaths per 1,000,000 inhabitants"
A00-A04,3961376,79819,797,8,1,2014.9311754299515,20.119271687413665,2.019500294847043,0.2524375368558804
A05-A14,7429883,224678,2254,7,1,3023.9776319492516,30.33695147016447,0.9421413500051077,0.13459162142930112
A15-A34,19117865,974467,6672,136,2,5097.153892445625,34.899294455735514,7.113765056924505,0.10461419201359566
A35-A59,28919134,1274157,9077,3045,23,4405.930689349135,31.387523568306023,105.29360941444511,0.7953211876953162
A60-A79,18057318,497514,2852,23263,132,2755.193213078487,15.79415060420379,1288.2865550686986,7.310055679365009
A80+,5681135,278434,499,55806,153,4901.027699570596,8.783456122764202,9823.037121983549,26.931238212082622
unknown,0,3463,80,15,0,inf,inf,inf,
