age group,inhabitants,total reported cases,new reported cases,total reported deaths,new reported deaths,"total reported cases per 100,000 inhabitants","new reported cases per 100,000 inhabitants","total reported deaths per 1,000,000 inhabitants","new reported deaths per 1,000,000 inhabitants"
A00-A04,3961376,133967,561,13,0,3381.8299499971727,14.16174581761489,3.281687979126445,0.0
A05-A14,7429883,469527,3509,10,-1,6319.440023483546,47.22819995954176,1.345916214293011,-0.1345916214293011
A15-A34,19117865,1460090,6490,239,0,7637.306780856544,33.94730530841179,12.50139594562468,0.0
A35-A59,28919134,1778055,7640,4546,10,6148.368758206937,26.41849510431398,157.19696170708295,0.345791820737094
A60-A79,18057318,637218,2549,29076,50,3528.862924161828,14.116160550531369,1610.2059010092196,2.7689604846079576
A80+,5681135,322228,941,62835,109,5671.894788629385,16.563591606254736,11060.289889256284,19.186306961549057
unknown,0,3293,142,8,1,inf,inf,inf,inf
