age group,inhabitants,total reported cases,new reported cases,total reported deaths,new reported deaths,"total reported cases per 100,000 inhabitants","new reported cases per 100,000 inhabitants","total reported deaths per 1,000,000 inhabitants","new reported deaths per 1,000,000 inhabitants"
A00-A04,3961376,46293,418,5,0,1168.609089366927,10.5518890405758,1.2621876842794018,0.0
A05-A14,7429883,139585,866,5,0,1878.6971477208995,11.655634415777476,0.6729581071465055,0.0
A15-A34,19117865,716487,3065,86,0,3747.7354296622557,16.032124926083537,4.498410256584614,0.0
A35-A59,28919134,943801,4111,2315,18,3263.5866620349007,14.215501750501934,80.05080650063726,0.6224252773267692
A60-A79,18057318,383164,1524,19227,79,2121.931950248647,8.439791557085055,1064.776064751144,4.374957565680574
A80+,5681135,249982,567,49848,167,4400.21228152473,9.980400043301206,8774.303022195389,29.395534519070573
unknown,0,3210,29,18,0,inf,inf,inf,
