age group,inhabitants,total reported cases,new reported cases,total reported deaths,new reported deaths,"total reported cases per 100,000 inhabitants","new reported cases per 100,000 inhabitants","total reported deaths per 1,000,000 inhabitants","new reported deaths per 1,000,000 inhabitants"
A00-A04,3961376,97427,52,11,0,2459.423190325786,1.312675191650578,2.776812905414684,0.0
A05-A14,7429883,277464,239,6,0,3734.43296482596,3.2167397521602963,0.8075497285758066,0.0
A15-A34,19117865,1110977,1169,186,0,5811.198060034423,6.114699523194666,9.729119857264395,0.0
A35-A59,28919134,1429328,573,3985,5,4942.499315505091,1.9813871328235488,137.79804056373197,0.172895910368547
A60-A79,18057318,545853,75,27357,10,3022.8907748094152,0.4153440726911936,1515.009039548398,0.5537920969215916
A80+,5681135,288732,-19,59938,19,5082.294295066039,-0.3344402130912221,10550.356574874564,3.344402130912221
unknown,0,2811,0,9,0,inf,,inf,
