age group,inhabitants,total reported cases,new reported cases,total reported deaths,new reported deaths,"total reported cases per 100,000 inhabitants","new reported cases per 100,000 inhabitants","total reported deaths per 1,000,000 inhabitants","new reported deaths per 1,000,000 inhabitants"
A00-A04,3961376,136163,1272,13,0,3437.2652330907245,32.11005468806798,3.281687979126445,0.0
A05-A14,7429883,487433,10037,11,0,6560.439780814853,135.0896104285895,1.4805078357223123,0.0
A15-A34,19117865,1484015,13256,242,3,7762.451508052807,69.33828646661121,12.658317233645075,0.1569212880203935
A35-A59,28919134,1810133,17802,4583,20,6259.2918584629815,61.55785992761748,158.47639144381017,0.691583641474188
A60-A79,18057318,647692,5878,29187,52,3586.8671083933946,32.55189945705115,1616.3529932850495,2.879718903992276
A80+,5681135,325430,1780,63155,160,5728.256765593495,31.33176733170396,11116.616661987438,28.1633863655766
unknown,0,3384,171,7,0,inf,inf,inf,
