age group,inhabitants,total reported cases,new reported cases,total reported deaths,new reported deaths,"total reported cases per 100,000 inhabitants","new reported cases per 100,000 inhabitants","total reported deaths per 1,000,000 inhabitants","new reported deaths per 1,000,000 inhabitants"
A00-A04,3961376,96721,31,12,0,2441.6011002237606,0.7825563642532293,3.029250442270565,0.0
A05-A14,7429883,275040,116,6,0,3701.8079557914975,1.561262808579893,0.8075497285758066,0.0
A15-A34,19117865,1097978,328,185,0,5743.204065935187,1.7156727490229688,9.676812761257597,0.0
A35-A59,28919134,1422511,260,3904,7,4918.9266870854435,0.8990587339164444,134.99712681576148,0.2420542745159658
A60-A79,18057318,544546,73,27098,36,3015.65271210265,0.4042682307527618,1500.6658242381288,1.9936515489177298
A80+,5681135,288452,6,59661,13,5077.365702452063,0.10561269887091225,10501.598712229159,2.2882751422030987
unknown,0,2893,-6,9,0,inf,-inf,inf,
