age group,inhabitants,total reported cases,new reported cases,total reported deaths,new reported deaths,"total reported cases per 100,000 inhabitants","new reported cases per 100,000 inhabitants","total reported deaths per 1,000,000 inhabitants","new reported deaths per 1,000,000 inhabitants"
A00-A04,3961376,42021,172,5,0,1060.767773622095,4.341925633921143,1.2621876842794018,0.0
A05-A14,7429883,130381,415,5,1,1754.8190193573707,5.585552289315996,0.6729581071465055,0.13459162142930112
A15-A34,19117865,678956,1966,78,1,3551.421667639143,10.283575074936453,4.07995348853023,0.05230709600679783
A35-A59,28919134,892125,2978,2111,19,3084.8952807508,10.297680421550659,72.99665335760054,0.6570044594004786
A60-A79,18057318,362460,1277,17663,164,2007.2748345020007,7.071925077688724,978.1629807926072,9.082190389514102
A80+,5681135,240898,722,46279,375,4240.314655434169,12.70872809746644,8146.083485078245,66.00793679432014
unknown,0,3558,26,23,0,inf,inf,inf,
