age group,inhabitants,total reported cases,new reported cases,total reported deaths,new reported deaths,"total reported cases per 100,000 inhabitants","new reported cases per 100,000 inhabitants","total reported deaths per 1,000,000 inhabitants","new reported deaths per 1,000,000 inhabitants"
A00-A04,3961376,83912,284,7,0,2118.2538592650635,7.169226046707002,1.7670627579911626,0.0
A05-A14,7429883,236252,836,6,0,3179.7539745915246,11.251859551489572,0.8075497285758066,0.0
A15-A34,19117865,1005248,2355,140,1,5258.160364664151,12.318321109600888,7.322993440951697,0.0523070960067978
A35-A59,28919134,1313212,2815,3157,27,4540.979684938007,9.734039753749196,109.16647780670056,0.9336379159901538
A60-A79,18057318,510333,980,23857,121,2826.183821982866,5.427162549831597,1321.181805625841,6.700884372751259
A80+,5681135,281064,246,56408,165,4947.321265909013,4.330120653707401,9929.001863184028,29.043492189500867
unknown,0,3495,18,16,1,inf,inf,inf,inf
