age group,inhabitants,total reported cases,new reported cases,total reported deaths,new reported deaths,"total reported cases per 100,000 inhabitants","new reported cases per 100,000 inhabitants","total reported deaths per 1,000,000 inhabitants","new reported deaths per 1,000,000 inhabitants"
A00-A04,3961376,42751,256,4,0,1079.1957138125742,6.462400943510538,1.0097501474235215,0.0
A05-A14,7429883,132035,568,5,0,1777.0804735417773,7.644804097184304,0.6729581071465055,0.0
A15-A34,19117865,686957,2649,81,1,3593.272575154181,13.856149732200747,4.236874776550624,0.05230709600679783
A35-A59,28919134,903348,3535,2161,18,3123.703496792124,12.223740863056275,74.725612461286,0.6224252773267692
A60-A79,18057318,367129,1487,18103,142,2033.13138750727,8.234888481224067,1002.5298330571571,7.8638477762866
A80+,5681135,243309,660,47322,330,4282.753358263797,11.617396875800347,8329.67355994885,58.086984379001734
unknown,0,3354,9,20,-1,inf,inf,inf,-inf
