age group,inhabitants,total reported cases,new reported cases,total reported deaths,new reported deaths,"total reported cases per 100,000 inhabitants","new reported cases per 100,000 inhabitants","total reported deaths per 1,000,000 inhabitants","new reported deaths per 1,000,000 inhabitants"
A00-A04,3961376,134893,928,13,0,3405.205665910027,23.4262034202257,3.281687979126445,0.0
A05-A14,7429883,477379,7832,11,1,6425.121364629834,105.41215790342864,1.4805078357223123,0.13459162142930112
A15-A34,19117865,1470723,10602,239,0,7692.9249160405725,55.45598318640706,12.501395945624681,0.0
A35-A59,28919134,1792293,14197,4563,17,6197.602597643484,49.09206479004523,157.784807802336,0.5878460952530599
A60-A79,18057318,641805,4576,29136,59,3554.2653676476207,25.341526355132032,1613.5286535907492,3.2673733718373903
A80+,5681135,323650,1411,62994,159,5696.924998261791,24.83658635114286,11088.277254457076,27.987365200791743
unknown,0,3311,130,7,0,inf,inf,inf,
