age group,inhabitants,total reported cases,new reported cases,total reported deaths,new reported deaths,"total reported cases per 100,000 inhabitants","new reported cases per 100,000 inhabitants","total reported deaths per 1,000,000 inhabitants","new reported deaths per 1,000,000 inhabitants"
A00-A04,3961376,40514,70,5,0,1022.7254368179138,1.7670627579911629,1.2621876842794018,0.0
A05-A14,7429883,127106,154,6,0,1710.7402633392746,2.072710970011237,0.8075497285758066,0.0
A15-A34,19117865,663335,923,76,-1,3469.712752966924,4.8279449614274395,3.975339296516635,-0.05230709600679783
A35-A59,28919134,869542,1186,1976,6,3006.805113873742,4.101090993941935,68.32846377764977,0.2074750924422564
A60-A79,18057318,352745,590,16532,118,1953.4739322860682,3.2673733718373903,915.5290946307753,6.534746743674781
A80+,5681135,234922,453,43528,357,4135.124407358741,7.973758764753875,7661.8492607551125,62.839555828192786
unknown,0,3760,3,33,1,inf,inf,inf,inf
