age group,inhabitants,total reported cases,new reported cases,total reported deaths,new reported deaths,"total reported cases per 100,000 inhabitants","new reported cases per 100,000 inhabitants","total reported deaths per 1,000,000 inhabitants","new reported deaths per 1,000,000 inhabitants"
A00-A04,3961376,79027,546,7,0,1994.938122510966,13.783089512331069,1.7670627579911626,0.0
A05-A14,7429883,222417,1282,6,0,2993.546466344086,17.254645867236402,0.8075497285758066,0.0
A15-A34,19117865,967775,3326,134,3,5062.149983797877,17.397340131860958,7.00915086491091,0.1569212880203935
A35-A59,28919134,1265065,4065,3022,28,4374.491297007719,14.05643751296287,104.4982882267498,0.9682170980638632
A60-A79,18057318,494653,1366,23131,161,2739.3492211855605,7.5648000439489405,1280.9764993893334,8.916052760437625
A80+,5681135,277949,370,55653,151,4892.490673078532,6.512783097039588,9796.105883771465,26.579195882512916
unknown,0,3415,21,15,1,inf,inf,inf,inf
