age group,inhabitants,total reported cases,new reported cases,total reported deaths,new reported deaths,"total reported cases per 100,000 inhabitants","new reported cases per 100,000 inhabitants","total reported deaths per 1,000,000 inhabitants","new reported deaths per 1,000,000 inhabitants"
A00-A04,3961376,42495,244,4,0,1072.7333128690636,6.159475899283482,1.0097501474235215,0.0
A05-A14,7429883,131454,553,5,0,1769.2607003367348,7.442916665040351,0.6729581071465055,0.0
A15-A34,19117865,684264,2531,80,0,3579.1862741995506,13.23892599932053,4.184567680543827,0.0
A35-A59,28919134,899745,3474,2144,19,3111.2446174909664,12.012807852406645,74.13776636603295,0.6570044594004786
A60-A79,18057318,365617,1458,17960,140,2024.7580510018154,8.074288773116805,994.6106060711784,7.753089356902283
A80+,5681135,242647,827,46990,349,4271.100757155041,14.556950327707403,8271.234533240277,61.43138650991395
unknown,0,3497,26,23,0,inf,inf,inf,
