age group,inhabitants,total reported cases,new reported cases,total reported deaths,new reported deaths,"total reported cases per 100,000 inhabitants","new reported cases per 100,000 inhabitants","total reported deaths per 1,000,000 inhabitants","new reported deaths per 1,000,000 inhabitants"
A00-A04,3961376,41853,110,5,0,1056.5268230029162,2.776812905414684,1.2621876842794018,0.0
A05-A14,7429883,129964,224,4,0,1749.206548743769,3.014852320016345,0.5383664857172045,0.0
A15-A34,19117865,676949,1030,77,-2,3540.923633470579,5.387630888700176,4.027646392523433,-0.10461419201359566
A35-A59,28919134,889094,1429,2092,23,3074.4143306642586,4.941365118333073,72.33964889820007,0.7953211876953162
A60-A79,18057318,361163,641,17499,145,2000.092151004928,3.5498073412674023,969.0807904030931,8.029985405363076
A80+,5681135,240165,416,45904,362,4227.41230405544,7.322480455049916,8080.075548283926,63.719661652117054
unknown,0,3655,6,23,0,inf,inf,inf,