age group,inhabitants,total reported cases,new reported cases,total reported deaths,new reported deaths,"total reported cases per 100,000 inhabitants","new reported cases per 100,000 inhabitants","total reported deaths per 1,000,000 inhabitants","new reported deaths per 1,000,000 inhabitants"
A00-A04,3961376,42256,236,4,0,1066.700055738208,5.957525869798777,1.0097501474235215,0.0
A05-A14,7429883,130898,515,5,0,1761.7774061852658,6.931468503609008,0.6729581071465055,0.0
A15-A34,19117865,681710,2743,80,2,3565.827041879415,14.347836434664643,4.184567680543827,0.10461419201359566
A35-A59,28919134,896245,4104,2125,14,3099.141903765168,14.191296323050336,73.48076190663248,0.4841085490319316
A60-A79,18057318,364148,1683,17820,157,2016.6228450980373,9.320320991190387,986.8575167142762,8.694535921668988
A80+,5681135,241821,915,46641,361,4256.561408943811,16.105936577814116,8209.803146730363,63.5436404873322
unknown,0,3528,11,23,0,inf,inf,inf,
