age group,inhabitants,total reported cases,new reported cases,total reported deaths,new reported deaths,"total reported cases per 100,000 inhabitants","new reported cases per 100,000 inhabitants","total reported deaths per 1,000,000 inhabitants","new reported deaths per 1,000,000 inhabitants"
A00-A04,3961376,40942,251,7,1,1033.5297633953455,6.336182175082597,1.7670627579911626,0.2524375368558804
A05-A14,7429883,128035,541,5,0,1723.243824970057,7.281406719325189,0.6729581071465055,0.0
A15-A34,19117865,668186,2656,78,1,3495.0869252398215,13.892764699405504,4.07995348853023,0.05230709600679783
A35-A59,28919134,876734,4100,2021,19,3031.6744616211536,14.177464650220854,69.8845269709667,0.6570044594004786
A60-A79,18057318,355773,1635,16932,178,1970.2427569808538,9.054500784668022,937.6807785076388,9.85749932520433
A80+,5681135,236869,1036,44562,466,4169.395728142352,18.235792671710847,7843.855145142652,82.02586278974184
unknown,0,3694,18,30,1,inf,inf,inf,inf
