age group,inhabitants,total reported cases,new reported cases,total reported deaths,new reported deaths,"total reported cases per 100,000 inhabitants","new reported cases per 100,000 inhabitants","total reported deaths per 1,000,000 inhabitants","new reported deaths per 1,000,000 inhabitants"
A00-A04,3961376,39058,130,8,-1,985.9705314516976,3.281687979126445,2.019500294847043,-0.2524375368558804
A05-A14,7429883,123841,280,4,0,1666.7960989426078,3.7685654000204307,0.5383664857172045,0.0
A15-A34,19117865,646778,1482,73,2,3383.107894108469,7.751911628207439,3.818418008496242,0.10461419201359566
A35-A59,28919134,845313,2119,1857,27,2923.0232136273517,7.327328681419022,64.21354111087835,0.9336379159901538
A60-A79,18057318,341916,1146,15444,226,1893.503786110429,6.346457430721439,855.276514485706,12.515701390427969
A80+,5681135,227354,938,40562,604,4001.9115898495634,16.51078525681928,7139.770486003237,106.31678353005165
unknown,0,3825,19,33,3,inf,inf,inf,inf
