age group,inhabitants,total reported cases,new reported cases,total reported deaths,new reported deaths,"total reported cases per 100,000 inhabitants","new reported cases per 100,000 inhabitants","total reported deaths per 1,000,000 inhabitants","new reported deaths per 1,000,000 inhabitants"
A00-A04,3961376,39815,284,5,0,1005.0800529916878,7.169226046707002,1.2621876842794018,0.0
A05-A14,7429883,125597,648,4,0,1690.4303876655931,8.721537068618712,0.5383664857172045,0.0
A15-A34,19117865,656159,3238,76,1,3432.1771808724457,16.937037687001137,3.975339296516635,0.05230709600679783
A35-A59,28919134,859699,4995,1931,28,2972.7688249585894,17.272301445817845,66.77240058433286,0.9682170980638632
A60-A79,18057318,348190,2153,16145,213,1928.2487022712899,11.923143846721867,894.0973404799096,11.7957716644299
A80+,5681135,231649,1555,42405,614,4077.5126801246583,27.371291124044753,7464.177492701722,108.0769951779002
unknown,0,3800,35,31,-1,inf,inf,inf,-inf
