age group,inhabitants,total reported cases,new reported cases,total reported deaths,new reported deaths,"total reported cases per 100,000 inhabitants","new reported cases per 100,000 inhabitants","total reported deaths per 1,000,000 inhabitants","new reported deaths per 1,000,000 inhabitants"
A00-A04,3961376,39540,293,6,0,998.138020728151,7.396419829877295,1.5146252211352824,0.0
A05-A14,7429883,124949,674,4,-1,1681.7088505969743,9.071475284334895,0.5383664857172045,-0.13459162142930112
A15-A34,19117865,652897,3620,77,1,3415.1146061550285,18.935168754460815,4.027646392523433,0.05230709600679783
A35-A59,28919134,854678,5499,1903,18,2955.4066176393803,19.0150922223328,65.804183486269,0.6224252773267692
A60-A79,18057318,346037,2454,15933,216,1916.3255584245676,13.590058058455856,882.3569480251718,11.961909293506379
A80+,5681135,230081,1635,41788,552,4049.9125614863933,28.779460442323586,7355.572434029468,97.16368296123926
unknown,0,3819,36,31,0,inf,inf,inf,
