age group,inhabitants,total reported cases,new reported cases,total reported deaths,new reported deaths,"total reported cases per 100,000 inhabitants","new reported cases per 100,000 inhabitants","total reported deaths per 1,000,000 inhabitants","new reported deaths per 1,000,000 inhabitants"
A00-A04,3961376,47849,303,5,0,1207.888370101702,7.648857366733176,1.2621876842794018,0.0
A05-A14,7429883,142938,754,5,0,1923.8257183861442,10.148208255769303,0.6729581071465055,0.0
A15-A34,19117865,726858,2594,87,1,3801.9831189309057,13.568460704163357,4.550717352591411,0.05230709600679783
A35-A59,28919134,957770,3730,2350,7,3311.890321473665,12.898034913493605,81.26107787321709,0.2420542745159658
A60-A79,18057318,388248,1309,19532,86,2150.086740456141,7.249138548703634,1081.6667237072525,4.762612033525687
A80+,5681135,251744,443,50493,206,4431.227210759822,7.797737599969021,8887.836673481619,36.26035994567987
unknown,0,3184,13,17,0,inf,inf,inf,
