age group,inhabitants,total reported cases,new reported cases,total reported deaths,new reported deaths,"total reported cases per 100,000 inhabitants","new reported cases per 100,000 inhabitants","total reported deaths per 1,000,000 inhabitants","new reported deaths per 1,000,000 inhabitants"
A00-A04,3961376,41750,144,6,0,1053.9267163733007,3.6351005307246775,1.5146252211352824,0.0
A05-A14,7429883,129741,294,4,0,1746.2051555858955,3.9569936700214523,0.5383664857172045,0.0
A15-A34,19117865,675914,1240,79,0,3535.509849033875,6.486079904842931,4.132260584537029,0.0
A35-A59,28919134,887655,1586,2069,3,3069.438386363852,5.484258276890311,71.54432771050475,0.1037375462211282
A60-A79,18057318,360516,725,17354,38,1996.509116137845,4.014992702681539,961.05080499773,2.104409968302048
A80+,5681135,239744,429,45540,75,4220.001813017997,7.5513079692702245,8016.003844302239,13.20158735886403
unknown,0,3667,8,24,0,inf,inf,inf,
