age group,inhabitants,total reported cases,new reported cases,total reported deaths,new reported deaths,"total reported cases per 100,000 inhabitants","new reported cases per 100,000 inhabitants","total reported deaths per 1,000,000 inhabitants","new reported deaths per 1,000,000 inhabitants"
A00-A04,3961376,60333,598,7,0,1523.0313911125832,15.095764703981645,1.7670627579911626,0.0
A05-A14,7429883,171777,1482,5,0,2311.9744954261055,19.946478295822423,0.6729581071465055,0.0
A15-A34,19117865,812357,4990,105,1,4249.203559079427,26.10124090739212,5.492245080713772,0.05230709600679783
A35-A59,28919134,1070907,6965,2569,13,3703.1088137009915,24.084400314338595,88.83391874735945,0.44952936695822215
A60-A79,18057318,427578,2411,20842,83,2367.893172175403,13.351927456779574,1154.2134884039813,4.59647440444921
A80+,5681135,262717,585,52797,151,4624.375234878242,10.297238139913944,9293.389437145923,26.579195882512913
unknown,0,3204,20,17,1,inf,inf,inf,inf
